box,as
box,as3
box,asm
box,bat
box,c
box,cc
box,cmake
box,cpp
box,cs
box,css
drive,csv
box,cxx
box,diff
drive,doc
drive,docx
box,erb
box,gdoc
box,groovy
box,gsheet
box,h
drive,html
box,hh
box,haml
box,htm
box,java
drive,js
box,less
box,m
box,make
box,ml
box,mm
box,msg
box,ods
drive,odt
drive,pdf
drive,php
box,pl
box,properties
box,py
box,rb
box,rtf
box,scala
box,scm
box,script
box,sh
box,sml
box,sql
drive,"txt"""
box,"vi"""
box,vim
box,wpd
drive,xls
drive,xlsm
drive,xlsx
box,xml
drive,yaml
box,flv
box,f4v
box,swf
box,ai
drive,bmp
drive,eps
drive,gif
drive,ind
drive,jpeg
drive,png
drive,ps
box,psd
drive,tif
drive,tiff
drive,odp
drive,ppt
drive,pptx
box,3g2
box,3gp
box,avi
box,m2v
box,m2ts
box,m4a
box,m4v
box,mkv
box,mov
box,mp4
box,mpeg
box,mpg
box,aac
box,aifc
box,aiff
box,flac
box,m4a
box,mp3
box,ogg
box,ra
box,ram
box,wav
box,wma
drive,pages
drive,dxf
box,zip
box,rar
box,7z
drive,ttf
box,log
drive,tex
