"19","as"
"19","as3"
"19","asm"
"19","bat"
"19","c"
"19","cc"
"15","cmake"
"19","cpp"
"15","cs"
"19","css"
"19","csv"
"15","cxx"
"15","diff"
"11","doc"
"11","docx"
"15","erb"
"15","gdoc"
"15","groovy"
"15","gsheet"
"15","h"
"19","html"
"15","hh"
"15","haml"
"19","htm"
"19","java"
"19","js"
"15","less"
"15","m"
"19","make"
"15","ml"
"15","mm"
"15","msg"
"15","ods"
"11","odt"
"11","pdf"
"19","php"
"15","pl"
"19","properties"
"15","py"
"15","rb"
"15","rtf"
"19","scala"
"15","scm"
"19","script"
"19","sh"
"15","sml"
"19","sql"
"19","txt"
"19","vi"
"19","vim"
"15","wpd"
"11","xls"
"11","xlsm"
"11","xlsx"
"15","xml"
"19","yaml"
"15","flv"
"15","f4v"
"15","swf"
"15","ai"
"19","bmp"
"19","eps"
"19","gif"
"19","ind"
"19","jpeg"
"19","png"
"19","ps"
"15","psd"
"19","tif"
"19","tiff"
"19","odp"
"11","ppt"
"11","pptx"
"15","3g2"
"15","3gp"
"15","avi"
"15","m2v"
"15","m2ts"
"15","m4a"
"15","m4v"
"15","mkv"
"15","mov"
"15","mp4"
"15","mpeg"
"15","mpg"
"15","aac"
"15","aifc"
"15","aiff"
"15","flac"
"15","m4a"
"15","mp3"
"15","ogg"
"15","ra"
"15","ram"
"15","wav"
"15","wma"
"11","pages"
"19","dxf"
"15","zip"
"15","rar"
"15","7z"
"19","ttf"
"15","log"
"19","tex"
